<?xml version="1.0" encoding="UTF-8"?>
<!DOCTYPE mapper PUBLIC "-//mybatis.org//DTD Mapper 3.0//EN" "http://mybatis.org/dtd/mybatis-3-mapper.dtd">
<mapper namespace="com.antnest.uim.biz.mapper.AccountMapper">

	<select id="selectByLoginName" parameterType="String" resultType="com.antnest.uim.entity.Account">
		select  * from uim_account where login_name= #{loginName} and delete_flag=0
	</select>

	<select id="getByIdWithoutOrgAccount" parameterType="Long" resultType="com.antnest.uim.entity.Account">
		select  * from uim_account where id_= #{id} and delete_flag=0
	</select>

	<select id="getByIdsWithoutOrgAccount" resultType="com.antnest.uim.entity.Account">
		select  * from uim_account
		where id_ in
		<foreach collection="ids" item="id" separator="," open="(" close=")">
			#{id}
		</foreach>
		and delete_flag=0
	</select>

	<select id="getAllOrgAccountIds" resultType="Long">
		select  id_ from uim_account
		where type=200
		and delete_flag=0
	</select>
</mapper>
